"","lin","hybpls"
"1",0.0131050550508979,0.0147443908268662
"2",0.0154330451626721,0.012974408655874
"3",0.0118189378461739,0.0133319397209072
"4",0.0166305870737844,0.0177528537196011
"5",0.012504382150841,0.0146808497657332
"6",0.0155003017435595,0.0145726245845149
"7",0.0143118434717391,0.0198198654823818
"8",0.00955182815826735,0.0110320292647642
"9",0.0152406763052604,0.0146622327173894
"10",0.0121421929608625,0.0112893810840019
